,0#0,Pos.,Player,Date of birth (age),Caps,Goals,Club,League,Country
0,1,1GK,Hugo Lloris,(1986-12-26) 26 December 1986 (age 29),75,0, Tottenham Hotspur,England,France
1,2,2DF,Christophe Jallet,(1983-10-31) 31 October 1983 (age 32),11,1, Lyon,France,France
2,3,2DF,Patrice Evra,(1981-05-15) 15 May 1981 (age 35),73,0, Juventus,Italy,France
3,4,2DF,Adil Rami,(1985-12-27) 27 December 1985 (age 30),28,1, Sevilla,Spain,France
4,5,3MF,N'Golo Kanté,(1991-03-29) 29 March 1991 (age 25),4,1, Leicester City,England,France
5,6,3MF,Yohan Cabaye,(1986-01-14) 14 January 1986 (age 30),46,4, Crystal Palace,England,France
6,7,4FW,Antoine Griezmann,(1991-03-21) 21 March 1991 (age 25),27,7, Atlético Madrid,Spain,France
7,8,3MF,Dimitri Payet,(1987-03-29) 29 March 1987 (age 29),18,3, West Ham United,England,France
8,9,4FW,Olivier Giroud,(1986-09-30) 30 September 1986 (age 29),49,17, Arsenal,England,France
9,10,4FW,André-Pierre Gignac,(1985-12-05) 5 December 1985 (age 30),27,7, UANL,Mexico,France
10,11,4FW,Anthony Martial,(1995-12-05) 5 December 1995 (age 20),9,0, Manchester United,England,France
11,12,3MF,Morgan Schneiderlin,(1989-11-08) 8 November 1989 (age 26),15,0, Manchester United,England,France
12,13,2DF,Eliaquim Mangala,(1991-02-13) 13 February 1991 (age 25),7,0, Manchester City,England,France
13,14,3MF,Blaise Matuidi,(1987-04-09) 9 April 1987 (age 29),44,8, Paris Saint-Germain,France,France
14,15,3MF,Paul Pogba,(1993-03-15) 15 March 1993 (age 23),31,5, Juventus,Italy,France
15,16,1GK,Steve Mandanda,(1985-03-28) 28 March 1985 (age 31),22,0, Marseille,France,France
16,17,2DF,Lucas Digne,(1993-07-20) 20 July 1993 (age 22),13,0, Roma,Italy,France
17,18,3MF,Moussa Sissoko,(1989-08-16) 16 August 1989 (age 26),38,1, Newcastle United,England,France
18,19,2DF,Bacary Sagna,(1983-02-14) 14 February 1983 (age 33),57,0, Manchester City,England,France
19,20,4FW,Kingsley Coman,(1996-06-13) 13 June 1996 (age 19),5,1, Bayern Munich,Germany,France
20,21,2DF,Laurent Koscielny,(1985-09-10) 10 September 1985 (age 30),29,1, Arsenal,England,France
21,22,2DF,Samuel Umtiti,(1993-11-14) 14 November 1993 (age 22),0,0, Lyon,France,France
22,23,1GK,Benoît Costil,(1987-07-03) 3 July 1987 (age 28),0,0, Rennes,France,France
0,1,1GK,Costel Pantilimon,(1987-02-01)1 February 1987 (aged 29),22,0, Watford,England,Romania
1,2,2DF,Alexandru Mățel,(1989-10-17)17 October 1989 (aged 26),16,0, Dinamo Zagreb,Croatia,Romania
2,3,2DF,Răzvan Raț,(1981-05-26)26 May 1981 (aged 35),110,2, Rayo Vallecano,Spain,Romania
3,4,2DF,Cosmin Moți,(1984-12-03)3 December 1984 (aged 31),7,0, Ludogorets Razgrad,Bulgaria,Romania
4,5,3MF,Ovidiu Hoban,(1982-12-27)27 December 1982 (aged 33),19,1, Hapoel Be'er Sheva,Israel,Romania
5,6,2DF,Vlad Chiricheș,(1989-11-14)14 November 1989 (aged 26),40,0, Napoli,Italy,Romania
6,7,3MF,Alexandru Chipciu,(1989-05-18)18 May 1989 (aged 27),20,3, Steaua București,Romania,Romania
7,8,3MF,Mihai Pintilii,(1984-11-09)9 November 1984 (aged 31),30,1, Steaua București,Romania,Romania
8,9,4FW,Denis Alibec,(1991-01-05)5 January 1991 (aged 25),3,1, Astra Giurgiu,Romania,Romania
9,10,3MF,Nicolae Stanciu,(1993-05-07)7 May 1993 (aged 23),4,3, Steaua București,Romania,Romania
10,11,3MF,Gabriel Torje,(1989-11-22)22 November 1989 (aged 26),49,10, Osmanlıspor,Turkey,Romania
11,12,1GK,Ciprian Tătărușanu,(1986-02-09)9 February 1986 (aged 30),35,0, Fiorentina,Italy,Romania
12,13,4FW,Claudiu Keșerü,(1986-12-02)2 December 1986 (aged 29),12,4, Ludogorets Razgrad,Bulgaria,Romania
13,14,4FW,Florin Andone,(1993-04-11)11 April 1993 (aged 23),5,1, Córdoba,Spain,Romania
14,15,2DF,Valerică Găman,(1989-02-25)25 February 1989 (aged 27),13,1, Astra Giurgiu,Romania,Romania
15,16,2DF,Steliano Filip,(1994-05-15)15 May 1994 (aged 22),4,0, Dinamo București,Romania,Romania
16,17,3MF,Lucian Sânmărtean,(1980-03-13)13 March 1980 (aged 36),19,0, Al-Ittihad,Saudi Arabia,Romania
17,18,3MF,Andrei Prepeliță,(1985-12-08)8 December 1985 (aged 30),9,0, Ludogorets Razgrad,Bulgaria,Romania
18,19,4FW,Bogdan Stancu,(1987-06-28)28 June 1987 (aged 28),39,9, Gençlerbirliği,Turkey,Romania
19,20,3MF,Adrian Popa,(1988-07-24)24 July 1988 (aged 27),13,0, Steaua București,Romania,Romania
20,21,2DF,Dragoș Grigore,(1986-09-07)7 September 1986 (aged 29),19,0, Al-Sailiya,Qatar,Romania
21,22,2DF,Cristian Săpunaru,(1984-04-05)5 April 1984 (aged 32),12,0, Pandurii Târgu Jiu,Romania,Romania
22,23,1GK,Silviu Lung Jr.,(1989-06-04)4 June 1989 (aged 27),3,0, Astra Giurgiu,Romania,Romania
0,1,1GK,Etrit Berisha,(1989-03-10)10 March 1989 (aged 27),35,0, Lazio,Italy,Albania
1,2,2DF,Andi Lila,(1986-02-12)12 February 1986 (aged 30),59,0, PAS Giannina,Greece,Albania
2,3,3MF,Ermir Lenjani,(1989-08-05)5 August 1989 (aged 26),19,3, Nantes,France,Albania
3,4,2DF,Elseid Hysaj,(1994-02-20)20 February 1994 (aged 22),20,0, Napoli,Italy,Albania
4,5,2DF,Lorik Cana,(1983-06-27)27 June 1983 (aged 32),92,1, Nantes,France,Albania
5,6,2DF,Freddie Veseli,(1992-11-20)20 November 1992 (aged 23),3,0, Lugano,Switzerland,Albania
6,7,2DF,Ansi Agolli,(1982-11-11)11 November 1982 (aged 33),61,2, Qarabağ,Azerbaijan,Albania
7,8,3MF,Migjen Basha,(1987-01-05)5 January 1987 (aged 29),19,3, Como,Italy,Albania
8,9,3MF,Ledian Memushaj,(1986-12-07)7 December 1986 (aged 29),14,0, Pescara,Italy,Albania
9,10,4FW,Armando Sadiku,(1991-05-27)27 May 1991 (aged 25),20,5, Vaduz,Liechtenstein,Albania
10,11,4FW,Shkëlzen Gashi,(1988-07-15)15 July 1988 (aged 27),14,1, Colorado Rapids,United States,Albania
11,12,1GK,Orges Shehi,(1977-09-25)25 September 1977 (aged 38),7,0, Skënderbeu Korçë,Albania,Albania
12,13,3MF,Burim Kukeli,(1984-01-16)16 January 1984 (aged 32),15,0, Zürich,Switzerland,Albania
13,14,3MF,Taulant Xhaka,(1991-03-28)28 March 1991 (aged 25),12,0, Basel,Switzerland,Albania
14,15,2DF,Mërgim Mavraj,(1986-06-09)9 June 1986 (aged 30),26,3, 1. FC Köln,Germany,Albania
15,16,4FW,Sokol Cikalleshi,(1990-07-27)27 July 1990 (aged 25),20,2, İstanbul Başakşehir,Turkey,Albania
16,17,2DF,Naser Aliji,(1993-12-27)27 December 1993 (aged 22),5,0, Basel,Switzerland,Albania
17,18,2DF,Arlind Ajeti,(1993-09-25)25 September 1993 (aged 22),10,1, Frosinone,Italy,Albania
18,19,4FW,Bekim Balaj,(1991-01-11)11 January 1991 (aged 25),16,2, Rijeka,Croatia,Albania
19,20,3MF,Ergys Kaçe,(1993-07-08)8 July 1993 (aged 22),16,2, PAOK,Greece,Albania
20,21,3MF,Odise Roshi,(1991-05-21)21 May 1991 (aged 25),33,1, Rijeka,Croatia,Albania
21,22,3MF,Amir Abrashi,(1990-03-27)27 March 1990 (aged 26),18,0, SC Freiburg,Germany,Albania
22,23,1GK,Alban Hoxha,(1987-11-23)23 November 1987 (aged 28),1,0, Partizani Tirana,Albania,Albania
0,1,1GK,Yann Sommer,(1988-12-07)7 December 1988 (aged 27),17,0, Borussia Mönchengladbach,Germany,Switzerland
1,2,2DF,Stephan Lichtsteiner,(1984-01-16)16 January 1984 (aged 32),80,5, Juventus,Italy,Switzerland
2,3,2DF,François Moubandje,(1990-06-21)21 June 1990 (aged 25),10,0, Toulouse,France,Switzerland
3,4,2DF,Nico Elvedi,(1996-09-30)30 September 1996 (aged 19),1,0, Borussia Mönchengladbach,Germany,Switzerland
4,5,2DF,Steve von Bergen,(1983-06-10)10 June 1983 (aged 33),49,0, Young Boys,Switzerland,Switzerland
5,6,2DF,Michael Lang,(1991-02-08)08 February 1991 (aged 25),15,2, Basel,Switzerland,Switzerland
6,7,4FW,Breel Embolo,(1997-02-14)14 February 1997 (aged 19),9,1, Basel,Switzerland,Switzerland
7,8,3MF,Fabian Frei,(1989-01-08)8 January 1989 (aged 27),7,1, Mainz 05,Germany,Switzerland
8,9,4FW,Haris Seferović,(1992-02-22)22 February 1992 (aged 24),29,7, Eintracht Frankfurt,Germany,Switzerland
9,10,3MF,Granit Xhaka,(1992-09-27)27 September 1992 (aged 23),41,6, Borussia Mönchengladbach,Germany,Switzerland
10,11,3MF,Valon Behrami,(1985-04-19)19 April 1985 (aged 31),64,2, Watford,England,Switzerland
11,12,1GK,Marwin Hitz,(1987-09-18)18 September 1987 (aged 28),2,0, FC Augsburg,Germany,Switzerland
12,13,2DF,Ricardo Rodríguez,(1992-08-25)25 August 1992 (aged 23),35,0, VfL Wolfsburg,Germany,Switzerland
13,14,3MF,Denis Zakaria,(1996-11-20)20 November 1996 (aged 19),0,0, Young Boys,Switzerland,Switzerland
14,15,3MF,Blerim Džemaili,(1986-04-12)12 April 1986 (aged 30),46,6, Genoa,Italy,Switzerland
15,16,3MF,Gélson Fernandes,(1986-09-02)2 September 1986 (aged 29),55,2, Rennes,France,Switzerland
16,17,4FW,Shani Tarashaj,(1995-02-07)7 February 1995 (aged 21),2,0, Grasshoppers,Switzerland,Switzerland
17,18,4FW,Admir Mehmedi,(1991-03-16)16 March 1991 (aged 25),40,3, Bayer Leverkusen,Germany,Switzerland
18,19,4FW,Eren Derdiyok,(1988-06-12)12 June 1988 (aged 27),50,10, Kasımpaşa,Turkey,Switzerland
19,20,2DF,Johan Djourou,(1987-01-18)18 January 1987 (aged 29),59,2, Hamburger SV,Germany,Switzerland
20,21,1GK,Roman Bürki,(1990-11-14)14 November 1990 (aged 25),4,0, Borussia Dortmund,Germany,Switzerland
21,22,2DF,Fabian Schär,(1991-12-20)20 December 1991 (aged 24),19,5, 1899 Hoffenheim,Germany,Switzerland
22,23,3MF,Xherdan Shaqiri,(1991-10-10)10 October 1991 (aged 24),51,17, Stoke City,England,Switzerland
0,1,1GK,Joe Hart,(1987-04-19)19 April 1987 (aged 29),59,0, Manchester City,England,England
1,2,2DF,Kyle Walker,(1990-05-28)28 May 1990 (aged 26),16,0, Tottenham Hotspur,England,England
2,3,2DF,Danny Rose,(1990-07-02)2 July 1990 (aged 25),4,0, Tottenham Hotspur,England,England
3,4,3MF,James Milner,(1986-01-04)4 January 1986 (aged 30),60,1, Liverpool,England,England
4,5,2DF,Gary Cahill,(1985-12-19)19 December 1985 (aged 30),43,3, Chelsea,England,England
5,6,2DF,Chris Smalling,(1989-11-22)22 November 1989 (aged 26),25,1, Manchester United,England,England
6,7,3MF,Raheem Sterling,(1994-12-08)8 December 1994 (aged 21),23,2, Manchester City,England,England
7,8,3MF,Adam Lallana,(1988-05-10)10 May 1988 (aged 28),23,0, Liverpool,England,England
8,9,4FW,Harry Kane,(1993-07-28)28 July 1993 (aged 22),12,5, Tottenham Hotspur,England,England
9,10,4FW,Wayne Rooney,(1985-10-24)24 October 1985 (aged 30),111,52, Manchester United,England,England
10,11,4FW,Jamie Vardy,(1987-01-11)11 January 1987 (aged 29),8,3, Leicester City,England,England
11,12,2DF,Nathaniel Clyne,(1991-04-05)5 April 1991 (aged 25),12,0, Liverpool,England,England
12,13,1GK,Fraser Forster,(1988-03-17)17 March 1988 (aged 28),6,0, Southampton,England,England
13,14,3MF,Jordan Henderson,(1990-06-17)17 June 1990 (aged 25),26,0, Liverpool,England,England
14,15,4FW,Daniel Sturridge,(1989-09-01)1 September 1989 (aged 26),18,5, Liverpool,England,England
15,16,2DF,John Stones,(1994-05-28)28 May 1994 (aged 22),10,0, Everton,England,England
16,17,3MF,Eric Dier,(1994-01-15)15 January 1994 (aged 22),7,1, Tottenham Hotspur,England,England
17,18,3MF,Jack Wilshere,(1992-01-01)1 January 1992 (aged 24),31,2, Arsenal,England,England
18,19,3MF,Ross Barkley,(1993-12-05)5 December 1993 (aged 22),22,2, Everton,England,England
19,20,3MF,Dele Alli,(1996-04-11)11 April 1996 (aged 20),8,1, Tottenham Hotspur,England,England
20,21,2DF,Ryan Bertrand,(1989-08-05)5 August 1989 (aged 26),8,0, Southampton,England,England
21,22,4FW,Marcus Rashford,(1997-10-31)31 October 1997 (aged 18),1,1, Manchester United,England,England
22,23,1GK,Tom Heaton,(1986-04-15)15 April 1986 (aged 30),1,0, Burnley,England,England
0,1,1GK,Igor Akinfeev,(1986-04-08)8 April 1986 (aged 30),86,0, CSKA Moscow,Russia,Russia
1,2,2DF,Roman Shishkin,(1987-01-27)27 January 1987 (aged 29),10,0, Lokomotiv Moscow,Russia,Russia
2,3,2DF,Igor Smolnikov,(1988-08-08)8 August 1988 (aged 27),12,0, Zenit Saint Petersburg,Russia,Russia
3,4,2DF,Sergei Ignashevich,(1979-07-14)14 July 1979 (aged 36),115,8, CSKA Moscow,Russia,Russia
4,5,2DF,Roman Neustädter,(1988-02-18)18 February 1988 (aged 28),0,0, Schalke 04,Germany,Russia
5,6,2DF,Aleksei Berezutski,(1982-06-20)20 June 1982 (aged 33),57,0, CSKA Moscow,Russia,Russia
6,7,3MF,Artur Yusupov,(1989-09-01)1 September 1989 (aged 26),2,0, Zenit Saint Petersburg,Russia,Russia
7,8,3MF,Denis Glushakov,(1987-01-27)27 January 1987 (aged 29),42,4, Spartak Moscow,Russia,Russia
8,9,4FW,Aleksandr Kokorin,(1991-03-19)19 March 1991 (aged 25),37,11, Zenit Saint Petersburg,Russia,Russia
9,10,4FW,Fyodor Smolov,(1990-02-05)5 February 1990 (aged 26),12,5, Krasnodar,Russia,Russia
10,11,3MF,Pavel Mamayev,(1988-09-17)17 September 1988 (aged 27),10,0, Krasnodar,Russia,Russia
11,12,1GK,Yuri Lodygin,(1990-05-26)26 May 1990 (aged 26),10,0, Zenit Saint Petersburg,Russia,Russia
12,13,3MF,Aleksandr Golovin,(1996-05-30)30 May 1996 (aged 20),3,2, CSKA Moscow,Russia,Russia
13,14,2DF,Vasili Berezutski,(1982-06-20)20 June 1982 (aged 33),93,4, CSKA Moscow,Russia,Russia
14,15,3MF,Roman Shirokov,(1981-07-06)6 July 1981 (aged 34),53,13, CSKA Moscow,Russia,Russia
15,16,1GK,Guilherme Marinato,(1985-12-12)12 December 1985 (aged 30),1,0, Lokomotiv Moscow,Russia,Russia
16,17,3MF,Oleg Shatov,(1990-06-29)29 June 1990 (aged 25),21,2, Zenit Saint Petersburg,Russia,Russia
17,18,3MF,Oleg Ivanov,(1986-08-04)4 August 1986 (aged 29),3,0, Terek Grozny,Russia,Russia
18,19,3MF,Aleksandr Samedov,(1984-07-19)19 July 1984 (aged 31),28,3, Lokomotiv Moscow,Russia,Russia
19,20,3MF,Dmitri Torbinski,(1984-04-28)28 April 1984 (aged 32),28,2, Krasnodar,Russia,Russia
20,21,2DF,Georgi Shchennikov,(1991-04-27)27 April 1991 (aged 25),7,0, CSKA Moscow,Russia,Russia
21,22,4FW,Artem Dzyuba,(1988-08-22)22 August 1988 (aged 27),16,8, Zenit Saint Petersburg,Russia,Russia
22,23,2DF,Dmitri Kombarov,(1987-01-22)22 January 1987 (aged 29),38,2, Spartak Moscow,Russia,Russia
0,1,1GK,Wayne Hennessey,(1987-01-24) 24 January 1987 (age 29),56,0, Crystal Palace,England,Wales
1,2,2DF,Chris Gunter,(1989-07-21) 21 July 1989 (age 26),66,0, Reading,England,Wales
2,3,2DF,Neil Taylor,(1989-02-07) 7 February 1989 (age 27),27,0, Swansea City,Wales,Wales
3,4,2DF,Ben Davies,(1993-04-24) 24 April 1993 (age 23),19,0, Tottenham Hotspur,England,Wales
4,5,2DF,James Chester,(1989-01-23) 23 January 1989 (age 27),10,0, West Bromwich Albion,England,Wales
5,6,2DF,Ashley Williams,(1984-08-23) 23 August 1984 (age 31),58,1, Swansea City,Wales,Wales
6,7,3MF,Joe Allen,(1990-03-14) 14 March 1990 (age 26),25,0, Liverpool,England,Wales
7,8,3MF,Andy King,(1988-10-29) 29 October 1988 (age 27),32,2, Leicester City,England,Wales
8,9,4FW,Hal Robson-Kanu,(1989-05-21) 21 May 1989 (age 27),30,2, Reading,England,Wales
9,10,3MF,Aaron Ramsey,(1990-12-26) 26 December 1990 (age 25),38,10, Arsenal,England,Wales
10,11,4FW,Gareth Bale,(1989-07-16) 16 July 1989 (age 26),54,19, Real Madrid,Spain,Wales
11,12,1GK,Owain Fôn Williams,(1987-03-17) 17 March 1987 (age 29),1,0, Inverness Caledonian Thistle,Scotland,Wales
12,13,4FW,George Williams,(1995-09-07) 7 September 1995 (age 20),7,0, Gillingham,England,Wales
13,14,3MF,David Edwards,(1986-02-03) 3 February 1986 (age 30),31,3, Wolverhampton Wanderers,England,Wales
14,15,2DF,Jazz Richards,(1991-04-12) 12 April 1991 (age 25),9,0, Fulham,England,Wales
15,16,3MF,Joe Ledley,(1987-01-23) 23 January 1987 (age 29),61,4, Crystal Palace,England,Wales
16,17,4FW,David Cotterill,(1987-12-04) 4 December 1987 (age 28),23,2, Birmingham City,England,Wales
17,18,4FW,Sam Vokes,(1989-10-21) 21 October 1989 (age 26),39,6, Burnley,England,Wales
18,19,2DF,James Collins,(1983-08-23) 23 August 1983 (age 32),46,3, West Ham United,England,Wales
19,20,3MF,Jonathan Williams,(1993-10-09) 9 October 1993 (age 22),11,0, Milton Keynes Dons,England,Wales
20,21,1GK,Danny Ward,(1993-06-22) 22 June 1993 (age 22),1,0, Liverpool,England,Wales
21,22,3MF,David Vaughan,(1983-02-18) 18 February 1983 (age 33),41,1, Nottingham Forest,England,Wales
22,23,4FW,Simon Church,(1988-12-10) 10 December 1988 (age 27),35,3, Aberdeen,Scotland,Wales
0,1,1GK,Ján Mucha,(1982-12-05)5 December 1982 (aged 33),45,0, Slovan Bratislava,Slovakia,Slovakia
1,2,2DF,Peter Pekarík,(1986-10-30)30 October 1986 (aged 29),65,2, Hertha BSC,Germany,Slovakia
2,3,2DF,Martin Škrtel,(1984-12-15)15 December 1984 (aged 31),79,5, Liverpool,England,Slovakia
3,4,2DF,Ján Ďurica,(1981-12-10)10 December 1981 (aged 34),77,4, Lokomotiv Moscow,Russia,Slovakia
4,5,2DF,Norbert Gyömbér,(1992-07-03)3 July 1992 (aged 23),12,0, Roma,Italy,Slovakia
5,6,3MF,Ján Greguš,(1991-01-29)29 January 1991 (aged 25),5,0, Baumit Jablonec,Czech Republic,Slovakia
6,7,3MF,Vladimír Weiss,(1989-11-30)30 November 1989 (aged 26),50,4, Al-Gharafa,Qatar,Slovakia
7,8,3MF,Ondrej Duda,(1994-12-05)5 December 1994 (aged 21),9,1, Legia Warsaw,Poland,Slovakia
8,9,4FW,Stanislav Šesták,(1982-12-16)16 December 1982 (aged 33),63,13, Ferencváros,Hungary,Slovakia
9,10,3MF,Miroslav Stoch,(1989-10-19)19 October 1989 (aged 26),52,6, Bursaspor,Turkey,Slovakia
10,11,4FW,Adam Nemec,(1985-09-02)2 September 1985 (aged 30),20,4, Willem II,Netherlands,Slovakia
11,12,1GK,Ján Novota,(1983-11-29)29 November 1983 (aged 32),2,0, Rapid Wien,Austria,Slovakia
12,13,3MF,Patrik Hrošovský,(1992-04-22)22 April 1992 (aged 24),9,0, Viktoria Plzeň,Czech Republic,Slovakia
13,14,2DF,Milan Škriniar,(1995-02-11)11 February 1995 (aged 21),2,0, Sampdoria,Italy,Slovakia
14,15,2DF,Tomáš Hubočan,(1985-09-17)17 September 1985 (aged 30),44,0, Dynamo Moscow,Russia,Slovakia
15,16,2DF,Kornel Saláta,(1985-01-24)24 January 1985 (aged 31),36,2, Slovan Bratislava,Slovakia,Slovakia
16,17,3MF,Marek Hamšík,(1987-07-27)27 July 1987 (aged 28),85,17, Napoli,Italy,Slovakia
17,18,2DF,Dušan Švento,(1985-08-01)1 August 1985 (aged 30),36,1, 1. FC Köln,Germany,Slovakia
18,19,3MF,Juraj Kucka,(1987-02-26)26 February 1987 (aged 29),45,4, Milan,Italy,Slovakia
19,20,3MF,Róbert Mak,(1991-03-08)8 March 1991 (aged 25),26,7, PAOK,Greece,Slovakia
20,21,4FW,Michal Ďuriš,(1988-06-01)1 June 1988 (aged 28),23,3, Viktoria Plzeň,Czech Republic,Slovakia
21,22,3MF,Viktor Pečovský,(1983-05-24)24 May 1983 (aged 33),30,1, Žilina,Slovakia,Slovakia
22,23,1GK,Matúš Kozáčik,(1983-12-27)27 December 1983 (aged 32),15,0, Viktoria Plzeň,Czech Republic,Slovakia
0,1,1GK,Manuel Neuer,(1986-03-27)27 March 1986 (aged 30),65,0, Bayern Munich,Germany,Germany
1,2,2DF,Shkodran Mustafi,(1992-04-17)17 April 1992 (aged 24),10,0, Valencia,Spain,Germany
2,3,2DF,Jonas Hector,(1990-05-27)27 May 1990 (aged 26),14,1, 1. FC Köln,Germany,Germany
3,4,2DF,Benedikt Höwedes,(1988-02-29)29 February 1988 (aged 28),34,2, Schalke 04,Germany,Germany
4,5,2DF,Mats Hummels,(1988-12-16)16 December 1988 (aged 27),46,4, Borussia Dortmund,Germany,Germany
5,6,3MF,Sami Khedira,(1987-04-04)4 April 1987 (aged 29),60,5, Juventus,Italy,Germany
6,7,3MF,Bastian Schweinsteiger,(1984-08-01)1 August 1984 (aged 31),115,23, Manchester United,England,Germany
7,8,3MF,Mesut Özil,(1988-10-15)15 October 1988 (aged 27),73,19, Arsenal,England,Germany
8,9,3MF,André Schürrle,(1990-11-06)6 November 1990 (aged 25),52,20, VfL Wolfsburg,Germany,Germany
9,10,4FW,Lukas Podolski,(1985-06-04)4 June 1985 (aged 31),128,48, Galatasaray,Turkey,Germany
10,11,3MF,Julian Draxler,(1993-09-20)20 September 1993 (aged 22),19,1, VfL Wolfsburg,Germany,Germany
11,12,1GK,Bernd Leno,(1992-03-04)4 March 1992 (aged 24),1,0, Bayer Leverkusen,Germany,Germany
12,13,4FW,Thomas Müller,(1989-09-13)13 September 1989 (aged 26),71,32, Bayern Munich,Germany,Germany
13,14,3MF,Emre Can,(1994-01-12)12 January 1994 (aged 22),6,0, Liverpool,England,Germany
14,15,3MF,Julian Weigl,(1995-09-08)8 September 1995 (aged 20),1,0, Borussia Dortmund,Germany,Germany
15,16,2DF,Jonathan Tah,(1996-02-11)11 February 1996 (aged 20),1,0, Bayer Leverkusen,Germany,Germany
16,17,2DF,Jérôme Boateng,(1988-09-03)3 September 1988 (aged 27),59,0, Bayern Munich,Germany,Germany
17,18,3MF,Toni Kroos,(1990-01-04)4 January 1990 (aged 26),65,11, Real Madrid,Spain,Germany
18,19,3MF,Mario Götze,(1992-06-03)3 June 1992 (aged 24),52,17, Bayern Munich,Germany,Germany
19,20,3MF,Leroy Sané,(1996-01-11)11 January 1996 (aged 20),3,0, Schalke 04,Germany,Germany
20,21,2DF,Joshua Kimmich,(1995-02-08)8 February 1995 (aged 21),1,0, Bayern Munich,Germany,Germany
21,22,1GK,Marc-André ter Stegen,(1992-04-30)30 April 1992 (aged 24),6,0, Barcelona,Spain,Germany
22,23,4FW,Mario Gómez,(1985-07-10)10 July 1985 (aged 30),64,27, Beşiktaş,Turkey,Germany
0,1,1GK,Denys Boyko,(1988-01-29)29 January 1988 (aged 28),4,0, Beşiktaş,Turkey,Ukraine
1,2,2DF,Bohdan Butko,(1991-01-13)13 January 1991 (aged 25),17,0, Amkar Perm,Russia,Ukraine
2,3,2DF,Yevhen Khacheridi,(1987-07-28)28 July 1987 (aged 28),42,3, Dynamo Kyiv,Ukraine,Ukraine
3,4,3MF,Anatoliy Tymoshchuk,(1979-03-30)30 March 1979 (aged 37),143,4, Kairat Almaty,Kazakhstan,Ukraine
4,5,2DF,Oleksandr Kucher,(1982-10-22)22 October 1982 (aged 33),50,2, Shakhtar Donetsk,Ukraine,Ukraine
5,6,3MF,Taras Stepanenko,(1989-08-08)8 August 1989 (aged 26),29,3, Shakhtar Donetsk,Ukraine,Ukraine
6,7,3MF,Andriy Yarmolenko,(1989-10-23)23 October 1989 (aged 26),59,25, Dynamo Kyiv,Ukraine,Ukraine
7,8,4FW,Roman Zozulya,(1989-11-17)17 November 1989 (aged 26),26,4, Dnipro Dnipropetrovsk,Ukraine,Ukraine
8,9,3MF,Viktor Kovalenko,(1996-02-14)14 February 1996 (aged 20),3,0, Shakhtar Donetsk,Ukraine,Ukraine
9,10,3MF,Yevhen Konoplyanka,(1989-09-29)29 September 1989 (aged 26),53,14, Sevilla,Spain,Ukraine
10,11,4FW,Yevhen Seleznyov,(1985-07-20)20 July 1985 (aged 30),50,11, Shakhtar Donetsk,Ukraine,Ukraine
11,12,1GK,Andriy Pyatov,(1984-06-28)28 June 1984 (aged 31),64,0, Shakhtar Donetsk,Ukraine,Ukraine
12,13,2DF,Vyacheslav Shevchuk,(1979-05-13)13 May 1979 (aged 37),54,0, Shakhtar Donetsk,Ukraine,Ukraine
13,14,3MF,Ruslan Rotan,(1981-10-29)29 October 1981 (aged 34),88,7, Dnipro Dnipropetrovsk,Ukraine,Ukraine
14,15,4FW,Pylyp Budkivskyi,(1992-03-10)10 March 1992 (aged 24),6,0, Zorya Luhansk,Ukraine,Ukraine
15,16,3MF,Serhiy Sydorchuk,(1991-05-02)2 May 1991 (aged 25),12,2, Dynamo Kyiv,Ukraine,Ukraine
16,17,2DF,Artem Fedetskyi,(1985-04-26)26 April 1985 (aged 31),49,2, Dnipro Dnipropetrovsk,Ukraine,Ukraine
17,18,3MF,Serhiy Rybalka,(1990-04-01)1 April 1990 (aged 26),9,0, Dynamo Kyiv,Ukraine,Ukraine
18,19,3MF,Denys Harmash,(1990-04-19)19 April 1990 (aged 26),27,2, Dynamo Kyiv,Ukraine,Ukraine
19,20,2DF,Yaroslav Rakitskiy,(1989-08-03)3 August 1989 (aged 26),40,4, Shakhtar Donetsk,Ukraine,Ukraine
20,21,3MF,Oleksandr Zinchenko,(1996-12-15)15 December 1996 (aged 19),3,1, Ufa,Russia,Ukraine
21,22,3MF,Oleksandr Karavayev,(1992-06-02)2 June 1992 (aged 24),3,0, Zorya Luhansk,Ukraine,Ukraine
22,23,1GK,Mykyta Shevchenko,(1993-01-26)26 January 1993 (aged 23),0,0, Zorya Luhansk,Ukraine,Ukraine
0,1,1GK,Wojciech Szczęsny,(1990-04-18) 18 April 1990 (age 26),26,0, Roma,Italy,Poland
1,2,2DF,Michał Pazdan,(1987-09-21) 21 September 1987 (age 28),17,0, Legia Warsaw,Poland,Poland
2,3,2DF,Artur Jędrzejczyk,(1987-11-04) 4 November 1987 (age 28),19,3, Legia Warsaw,Poland,Poland
3,4,2DF,Thiago Cionek,(1986-04-21) 21 April 1986 (age 30),6,0, Palermo,Italy,Poland
4,5,3MF,Krzysztof Mączyński,(1987-05-23) 23 May 1987 (age 29),16,1, Wisła Kraków,Poland,Poland
5,6,3MF,Tomasz Jodłowiec,(1985-09-08) 8 September 1985 (age 30),44,1, Legia Warsaw,Poland,Poland
6,7,4FW,Arkadiusz Milik,(1994-02-28) 28 February 1994 (age 22),26,10, Ajax,Netherlands,Poland
7,8,3MF,Karol Linetty,(1995-02-02) 2 February 1995 (age 21),10,1, Lech Poznań,Poland,Poland
8,9,4FW,Robert Lewandowski,(1988-08-21) 21 August 1988 (age 27),76,34, Bayern Munich,Germany,Poland
9,10,3MF,Grzegorz Krychowiak,(1990-01-29) 29 January 1990 (age 26),34,2, Sevilla,Spain,Poland
10,11,3MF,Kamil Grosicki,(1988-06-08) 8 June 1988 (age 28),39,8, Rennes,France,Poland
11,12,1GK,Artur Boruc,(1980-02-20) 20 February 1980 (age 36),63,0, AFC Bournemouth,England,Poland
12,13,4FW,Mariusz Stępiński,(1995-05-12) 12 May 1995 (age 21),3,0, Ruch Chorzów,Poland,Poland
13,14,2DF,Jakub Wawrzyniak,(1983-07-07) 7 July 1983 (age 32),49,1, Lechia Gdańsk,Poland,Poland
14,15,2DF,Kamil Glik,(1988-02-03) 3 February 1988 (age 28),41,3, Torino,Italy,Poland
15,16,3MF,Jakub Błaszczykowski,(1985-12-14) 14 December 1985 (age 30),79,16, Fiorentina,Italy,Poland
16,17,3MF,Sławomir Peszko,(1985-02-19) 19 February 1985 (age 31),37,2, Lechia Gdańsk,Poland,Poland
17,18,2DF,Bartosz Salamon,(1991-05-01) 1 May 1991 (age 25),8,0, Cagliari,Italy,Poland
18,19,3MF,Piotr Zieliński,(1994-05-20) 20 May 1994 (age 22),15,3, Empoli,Italy,Poland
19,20,2DF,Łukasz Piszczek,(1985-06-03) 3 June 1985 (age 31),46,2, Borussia Dortmund,Germany,Poland
20,21,3MF,Bartosz Kapustka,(1996-12-23) 23 December 1996 (age 19),7,2, Cracovia,Poland,Poland
21,22,1GK,Łukasz Fabiański,(1985-04-18) 18 April 1985 (age 31),30,0, Swansea City,Wales,Poland
22,23,3MF,Filip Starzyński,(1991-05-27) 27 May 1991 (age 25),3,1, Zagłębie Lubin,Poland,Poland
0,1,1GK,Michael McGovern,(1984-07-12)12 July 1984 (aged 31),11,0, Hamilton Academical,Scotland,Northern Ireland
1,2,2DF,Conor McLaughlin,(1991-07-26)26 July 1991 (aged 24),18,0, Fleetwood Town,England,Northern Ireland
2,3,3MF,Shane Ferguson,(1991-07-12)12 July 1991 (aged 24),25,1, Millwall,England,Northern Ireland
3,4,2DF,Gareth McAuley,(1979-12-05)5 December 1979 (aged 36),61,7, West Bromwich Albion,England,Northern Ireland
4,5,2DF,Jonny Evans,(1988-01-03)3 January 1988 (aged 28),49,1, West Bromwich Albion,England,Northern Ireland
5,6,2DF,Chris Baird,(1982-02-25)25 February 1982 (aged 34),78,0, Fulham,England,Northern Ireland
6,7,3MF,Niall McGinn,(1987-07-20)20 July 1987 (aged 28),41,2, Aberdeen,Scotland,Northern Ireland
7,8,3MF,Steven Davis,(1985-01-01)1 January 1985 (aged 31),83,8, Southampton,England,Northern Ireland
8,9,4FW,Will Grigg,(1991-07-03)3 July 1991 (aged 24),8,1, Wigan Athletic,England,Northern Ireland
9,10,4FW,Kyle Lafferty,(1987-09-16)16 September 1987 (aged 28),51,17, Birmingham City,England,Northern Ireland
10,11,4FW,Conor Washington,(1992-05-18)18 May 1992 (aged 24),4,2, Queens Park Rangers,England,Northern Ireland
11,12,1GK,Roy Carroll,(1977-09-30)30 September 1977 (aged 38),43,0, Notts County,England,Northern Ireland
12,13,3MF,Corry Evans,(1990-07-17)17 July 1990 (aged 25),34,1, Blackburn Rovers,England,Northern Ireland
13,14,3MF,Stuart Dallas,(1991-04-19)19 April 1991 (aged 25),13,1, Leeds United,England,Northern Ireland
14,15,2DF,Luke McCullough,(1994-02-15)15 February 1994 (aged 22),5,0, Doncaster Rovers,England,Northern Ireland
15,16,3MF,Oliver Norwood,(1991-04-12)12 April 1991 (aged 25),34,0, Reading,England,Northern Ireland
16,17,2DF,Paddy McNair,(1995-04-27)27 April 1995 (aged 21),9,0, Manchester United,England,Northern Ireland
17,18,2DF,Aaron Hughes,(1979-11-08)8 November 1979 (aged 36),100,1, Melbourne City,Australia,Northern Ireland
18,19,3MF,Jamie Ward,(1986-05-12)12 May 1986 (aged 30),22,2, Nottingham Forest,England,Northern Ireland
19,20,2DF,Craig Cathcart,(1989-02-06)6 February 1989 (aged 27),28,2, Watford,England,Northern Ireland
20,21,4FW,Josh Magennis,(1990-05-15)15 May 1990 (aged 26),19,1, Kilmarnock,Scotland,Northern Ireland
21,22,2DF,Lee Hodson,(1991-10-02)2 October 1991 (aged 24),16,0, Milton Keynes Dons,England,Northern Ireland
22,23,1GK,Alan Mannus,(1982-05-19)19 May 1982 (aged 34),8,0, St Johnstone,Scotland,Northern Ireland
0,1,1GK,Iker Casillas,(1981-05-20)20 May 1981 (aged 35),167,0, Porto,Portugal,Spain
1,2,2DF,César Azpilicueta,(1989-08-28)28 August 1989 (aged 26),15,0, Chelsea,England,Spain
2,3,2DF,Gerard Piqué,(1987-02-02)2 February 1987 (aged 29),77,4, Barcelona,Spain,Spain
3,4,2DF,Marc Bartra,(1991-01-15)15 January 1991 (aged 25),10,0, Barcelona,Spain,Spain
4,5,3MF,Sergio Busquets,(1988-07-16)16 July 1988 (aged 27),84,2, Barcelona,Spain,Spain
5,6,3MF,Andrés Iniesta,(1984-05-11)11 May 1984 (aged 32),109,13, Barcelona,Spain,Spain
6,7,4FW,Álvaro Morata,(1992-10-23)23 October 1992 (aged 23),9,3, Juventus,Italy,Spain
7,8,3MF,Koke,(1992-01-08)8 January 1992 (aged 24),23,0, Atlético Madrid,Spain,Spain
8,9,4FW,Lucas Vázquez,(1991-07-01)1 July 1991 (aged 24),1,0, Real Madrid,Spain,Spain
9,10,3MF,Cesc Fàbregas,(1987-05-04)4 May 1987 (aged 29),106,15, Chelsea,England,Spain
10,11,4FW,Pedro,(1987-07-28)28 July 1987 (aged 28),58,17, Chelsea,England,Spain
11,12,2DF,Héctor Bellerín,(1995-03-19)19 March 1995 (aged 21),3,0, Arsenal,England,Spain
12,13,1GK,David de Gea,(1990-11-07)7 November 1990 (aged 25),9,0, Manchester United,England,Spain
13,14,3MF,Thiago,(1991-04-11)11 April 1991 (aged 25),10,0, Bayern Munich,Germany,Spain
14,15,2DF,Sergio Ramos,(1986-03-30)30 March 1986 (aged 30),132,10, Real Madrid,Spain,Spain
15,16,2DF,Juanfran,(1985-01-09)9 January 1985 (aged 31),18,0, Atlético Madrid,Spain,Spain
16,17,2DF,Mikel San José,(1989-05-30)30 May 1989 (aged 27),7,0, Athletic Bilbao,Spain,Spain
17,18,2DF,Jordi Alba,(1989-03-21)21 March 1989 (aged 27),43,6, Barcelona,Spain,Spain
18,19,3MF,Bruno Soriano,(1984-06-12)12 June 1984 (aged 31),8,0, Villarreal,Spain,Spain
19,20,4FW,Aritz Aduriz,(1981-02-11)11 February 1981 (aged 35),6,1, Athletic Bilbao,Spain,Spain
20,21,3MF,David Silva,(1986-01-08)8 January 1986 (aged 30),99,24, Manchester City,England,Spain
21,22,4FW,Nolito,(1986-10-15)15 October 1986 (aged 29),9,4, Celta Vigo,Spain,Spain
22,23,1GK,Sergio Rico,(1993-09-01)1 September 1993 (aged 22),1,0, Sevilla,Spain,Spain
0,1,1GK,Petr Čech,(1982-05-20)20 May 1982 (aged 34),118,0, Arsenal,England,Czech Republic
1,2,2DF,Pavel Kadeřábek,(1992-04-25)25 April 1992 (aged 24),15,2, 1899 Hoffenheim,Germany,Czech Republic
2,3,2DF,Michal Kadlec,(1984-12-13)13 December 1984 (aged 31),63,8, Fenerbahçe,Turkey,Czech Republic
3,4,2DF,Theodor Gebre Selassie,(1986-12-24)24 December 1986 (aged 29),33,1, Werder Bremen,Germany,Czech Republic
4,5,2DF,Roman Hubník,(1984-06-06)6 June 1984 (aged 32),24,2, Viktoria Plzeň,Czech Republic,Czech Republic
5,6,2DF,Tomáš Sivok,(1983-09-15)15 September 1983 (aged 32),52,5, Bursaspor,Turkey,Czech Republic
6,7,4FW,Tomáš Necid,(1989-08-13)13 August 1989 (aged 26),36,9, Bursaspor,Turkey,Czech Republic
7,8,2DF,David Limberský,(1983-10-06)6 October 1983 (aged 32),35,1, Viktoria Plzeň,Czech Republic,Czech Republic
8,9,3MF,Bořek Dočkal,(1988-09-30)30 September 1988 (aged 27),23,6, Sparta Prague,Czech Republic,Czech Republic
9,10,3MF,Tomáš Rosický,(1980-10-04)4 October 1980 (aged 35),100,22, Arsenal,England,Czech Republic
10,11,3MF,Daniel Pudil,(1985-09-27)27 September 1985 (aged 30),31,2, Sheffield Wednesday,England,Czech Republic
11,12,4FW,Milan Škoda,(1986-01-16)16 January 1986 (aged 30),7,2, Slavia Prague,Czech Republic,Czech Republic
12,13,3MF,Jaroslav Plašil,(1982-01-05)5 January 1982 (aged 34),97,6, Bordeaux,France,Czech Republic
13,14,3MF,Daniel Kolář,(1985-10-27)27 October 1985 (aged 30),26,2, Viktoria Plzeň,Czech Republic,Czech Republic
14,15,3MF,David Pavelka,(1991-05-18)18 May 1991 (aged 25),5,0, Kasımpaşa,Turkey,Czech Republic
15,16,1GK,Tomáš Vaclík,(1989-03-29)29 March 1989 (aged 27),6,0, Basel,Switzerland,Czech Republic
16,17,2DF,Marek Suchý,(1988-03-29)29 March 1988 (aged 28),26,0, Basel,Switzerland,Czech Republic
17,18,3MF,Josef Šural,(1990-05-30)30 May 1990 (aged 26),9,1, Sparta Prague,Czech Republic,Czech Republic
18,19,3MF,Ladislav Krejčí,(1992-07-05)5 July 1992 (aged 23),20,4, Sparta Prague,Czech Republic,Czech Republic
19,20,3MF,Jiří Skalák,(1992-03-12)12 March 1992 (aged 24),7,0, Brighton & Hove Albion,England,Czech Republic
20,21,4FW,David Lafata,(1981-09-18)18 September 1981 (aged 34),37,8, Sparta Prague,Czech Republic,Czech Republic
21,22,3MF,Vladimír Darida,(1990-08-08)8 August 1990 (aged 25),33,1, Hertha BSC,Germany,Czech Republic
22,23,1GK,Tomáš Koubek,(1992-08-26)26 August 1992 (aged 23),1,0, Slovan Liberec,Czech Republic,Czech Republic
0,1,1GK,Volkan Babacan,(1988-08-12)12 August 1988 (aged 27),16,0, İstanbul Başakşehir,Turkey,Turkey
1,2,2DF,Semih Kaya,(1991-02-24)24 February 1991 (aged 25),23,0, Galatasaray,Turkey,Turkey
2,3,2DF,Hakan Balta,(1983-03-23)23 March 1983 (aged 33),45,2, Galatasaray,Turkey,Turkey
3,4,2DF,Ahmet Yılmaz Çalık,(1994-06-22)22 June 1994 (aged 21),4,0, Gençlerbirliği,Turkey,Turkey
4,5,3MF,Nuri Şahin,(1988-09-05)5 September 1988 (aged 27),48,2, Borussia Dortmund,Germany,Turkey
5,6,3MF,Hakan Çalhanoğlu,(1994-02-08)8 February 1994 (aged 22),18,6, Bayer Leverkusen,Germany,Turkey
6,7,2DF,Gökhan Gönül,(1985-01-04)4 January 1985 (aged 31),55,1, Fenerbahçe,Turkey,Turkey
7,8,3MF,Selçuk İnan,(1985-02-10)10 February 1985 (aged 31),51,8, Galatasaray,Turkey,Turkey
8,9,4FW,Cenk Tosun,(1991-06-07)7 June 1991 (aged 25),9,3, Beşiktaş,Turkey,Turkey
9,10,3MF,Arda Turan,(1987-01-30)30 January 1987 (aged 29),90,17, Barcelona,Spain,Turkey
10,11,3MF,Olcay Şahan,(1987-05-26)26 May 1987 (aged 29),23,2, Beşiktaş,Turkey,Turkey
11,12,1GK,Onur Kıvrak,(1988-01-01)1 January 1988 (aged 28),12,0, Trabzonspor,Turkey,Turkey
12,13,2DF,İsmail Köybaşı,(1989-07-10)10 July 1989 (aged 26),18,0, Beşiktaş,Turkey,Turkey
13,14,3MF,Oğuzhan Özyakup,(1992-09-23)23 September 1992 (aged 23),19,1, Beşiktaş,Turkey,Turkey
14,15,3MF,Mehmet Topal,(1986-03-03)3 March 1986 (aged 30),58,1, Fenerbahçe,Turkey,Turkey
15,16,3MF,Ozan Tufan,(1995-03-23)23 March 1995 (aged 21),23,1, Fenerbahçe,Turkey,Turkey
16,17,4FW,Burak Yılmaz,(1985-07-15)15 July 1985 (aged 30),43,19, Beijing Guoan,China,Turkey
17,18,3MF,Caner Erkin,(1988-10-04)4 October 1988 (aged 27),46,2, Fenerbahçe,Turkey,Turkey
18,19,3MF,Yunus Mallı,(1992-02-24)24 February 1992 (aged 24),5,0, 1. FSV Mainz 05,Germany,Turkey
19,20,3MF,Volkan Şen,(1987-07-07)7 July 1987 (aged 28),16,0, Fenerbahçe,Turkey,Turkey
20,21,4FW,Emre Mor,(1997-07-24)24 July 1997 (aged 18),1,0, FC Nordsjælland,Denmark,Turkey
21,22,2DF,Şener Özbayraklı,(1990-01-23)23 January 1990 (aged 26),8,0, Fenerbahçe,Turkey,Turkey
22,23,1GK,Harun Tekin,(1989-06-17)17 June 1989 (aged 26),0,0, Bursaspor,Turkey,Turkey
0,1,1GK,Ivan Vargić,(1987-03-15) 15 March 1987 (age 29),2,0, Rijeka,Croatia,Croatia
1,2,2DF,Šime Vrsaljko,(1992-01-10) 10 January 1992 (age 24),19,0, Sassuolo,Italy,Croatia
2,3,2DF,Ivan Strinić,(1987-07-17) 17 July 1987 (age 28),35,0, Napoli,Italy,Croatia
3,4,3MF,Ivan Perišić,(1989-02-02) 2 February 1989 (age 27),47,13, Internazionale,Italy,Croatia
4,5,2DF,Vedran Ćorluka,(1986-02-05) 5 February 1986 (age 30),88,4, Lokomotiv Moscow,Russia,Croatia
5,6,2DF,Tin Jedvaj,(1995-11-28) 28 November 1995 (age 20),3,0, Bayer Leverkusen,Germany,Croatia
6,7,3MF,Ivan Rakitić,(1988-03-10) 10 March 1988 (age 28),76,11, Barcelona,Spain,Croatia
7,8,3MF,Mateo Kovačić,(1994-05-06) 6 May 1994 (age 22),27,1, Real Madrid,Spain,Croatia
8,9,4FW,Andrej Kramarić,(1991-06-19) 19 June 1991 (age 24),11,4, 1899 Hoffenheim,Germany,Croatia
9,10,3MF,Luka Modrić,(1985-09-09) 9 September 1985 (age 30),90,10, Real Madrid,Spain,Croatia
10,11,2DF,Darijo Srna,(1982-05-01) 1 May 1982 (age 34),130,22, Shakhtar Donetsk,Ukraine,Croatia
11,12,1GK,Lovre Kalinić,(1990-04-03) 3 April 1990 (age 26),4,0, Hajduk Split,Croatia,Croatia
12,13,2DF,Gordon Schildenfeld,(1985-03-18) 18 March 1985 (age 31),27,1, Dinamo Zagreb,Croatia,Croatia
13,14,3MF,Marcelo Brozović,(1992-11-16) 16 November 1992 (age 23),17,4, Internazionale,Italy,Croatia
14,15,3MF,Ante Ćorić,(1997-04-14) 14 April 1997 (age 19),2,0, Dinamo Zagreb,Croatia,Croatia
15,16,4FW,Nikola Kalinić,(1988-01-05) 5 January 1988 (age 28),29,11, Fiorentina,Italy,Croatia
16,17,4FW,Mario Mandžukić,(1986-05-21) 21 May 1986 (age 30),66,24, Juventus,Italy,Croatia
17,18,3MF,Marko Rog,(1995-07-19) 19 July 1995 (age 20),3,0, Dinamo Zagreb,Croatia,Croatia
18,19,3MF,Milan Badelj,(1989-02-25) 25 February 1989 (age 27),20,1, Fiorentina,Italy,Croatia
19,20,4FW,Marko Pjaca,(1995-05-06) 6 May 1995 (age 21),8,1, Dinamo Zagreb,Croatia,Croatia
20,21,2DF,Domagoj Vida,(1989-04-29) 29 April 1989 (age 27),38,1, Dynamo Kyiv,Ukraine,Croatia
21,22,4FW,Duje Čop,(1990-02-01) 1 February 1990 (age 26),4,0, Málaga,Spain,Croatia
22,23,1GK,Danijel Subašić,(1984-10-27) 27 October 1984 (age 31),20,0, Monaco,France,Croatia
0,1,1GK,Thibaut Courtois,(1992-05-11)11 May 1992 (aged 24),37,0, Chelsea,England,Belgium
1,2,2DF,Toby Alderweireld,(1989-03-02)2 March 1989 (aged 27),55,1, Tottenham Hotspur,England,Belgium
2,3,2DF,Thomas Vermaelen,(1985-11-14)14 November 1985 (aged 30),53,1, Barcelona,Spain,Belgium
3,4,3MF,Radja Nainggolan,(1988-05-04)4 May 1988 (aged 28),19,4, Roma,Italy,Belgium
4,5,2DF,Jan Vertonghen,(1987-04-24)24 April 1987 (aged 29),77,6, Tottenham Hotspur,England,Belgium
5,6,3MF,Axel Witsel,(1989-01-12)12 January 1989 (aged 27),67,6, Zenit Saint Petersburg,Russia,Belgium
6,7,4FW,Kevin De Bruyne,(1991-06-28)28 June 1991 (aged 24),39,12, Manchester City,England,Belgium
7,8,3MF,Marouane Fellaini,(1987-11-22)22 November 1987 (aged 28),68,15, Manchester United,England,Belgium
8,9,4FW,Romelu Lukaku,(1993-05-13)13 May 1993 (aged 23),44,12, Everton,England,Belgium
9,10,4FW,Eden Hazard,(1991-01-07)7 January 1991 (aged 25),65,13, Chelsea,England,Belgium
10,11,4FW,Yannick Ferreira Carrasco,(1993-09-04)4 September 1993 (aged 22),4,0, Atlético Madrid,Spain,Belgium
11,12,1GK,Simon Mignolet,(1988-03-06)6 March 1988 (aged 28),16,0, Liverpool,England,Belgium
12,13,1GK,Jean-François Gillet,(1979-05-31)31 May 1979 (aged 37),9,0, Mechelen,Belgium,Belgium
13,14,4FW,Dries Mertens,(1987-05-06)6 May 1987 (aged 29),45,8, Napoli,Italy,Belgium
14,15,2DF,Jason Denayer,(1995-06-28)28 June 1995 (aged 20),7,0, Galatasaray,Turkey,Belgium
15,16,2DF,Thomas Meunier,(1991-09-12)12 September 1991 (aged 24),5,0, Club Brugge,Belgium,Belgium
16,17,4FW,Divock Origi,(1995-04-18)18 April 1995 (aged 21),19,3, Liverpool,England,Belgium
17,18,2DF,Christian Kabasele,(1991-02-24)24 February 1991 (aged 25),0,0, Genk,Belgium,Belgium
18,19,3MF,Mousa Dembélé,(1987-07-16)16 July 1987 (aged 28),65,5, Tottenham Hotspur,England,Belgium
19,20,4FW,Christian Benteke,(1990-12-03)3 December 1990 (aged 25),26,6, Liverpool,England,Belgium
20,21,2DF,Jordan Lukaku,(1994-07-25)25 July 1994 (aged 21),4,0, Oostende,Belgium,Belgium
21,22,4FW,Michy Batshuayi,(1993-10-02)2 October 1993 (aged 22),5,2, Marseille,France,Belgium
22,23,2DF,Laurent Ciman,(1985-08-05)5 August 1985 (aged 30),11,1, Montreal Impact,Canada,Belgium
0,1,1GK,Gianluigi Buffon,(1978-01-28)28 January 1978 (aged 38),157,0, Juventus,Italy,Italy
1,2,2DF,Mattia De Sciglio,(1992-10-20)20 October 1992 (aged 23),22,0, Milan,Italy,Italy
2,3,2DF,Giorgio Chiellini,(1984-08-14)14 August 1984 (aged 31),84,6, Juventus,Italy,Italy
3,4,2DF,Matteo Darmian,(1989-12-02)2 December 1989 (aged 26),22,1, Manchester United,England,Italy
4,5,2DF,Angelo Ogbonna,(1988-05-23)23 May 1988 (aged 28),11,0, West Ham United,England,Italy
5,6,3MF,Antonio Candreva,(1987-02-28)28 February 1987 (aged 29),38,4, Lazio,Italy,Italy
6,7,4FW,Simone Zaza,(1991-06-25)25 June 1991 (aged 24),11,1, Juventus,Italy,Italy
7,8,3MF,Alessandro Florenzi,(1991-03-11)11 March 1991 (aged 25),17,2, Roma,Italy,Italy
8,9,4FW,Graziano Pellè,(1985-07-15)15 July 1985 (aged 30),13,5, Southampton,England,Italy
9,10,3MF,Thiago Motta,(1982-08-28)28 August 1982 (aged 33),26,1, Paris Saint-Germain,France,Italy
10,11,4FW,Ciro Immobile,(1990-02-20)20 February 1990 (aged 26),13,1, Torino,Italy,Italy
11,12,1GK,Salvatore Sirigu,(1987-01-12)12 January 1987 (aged 29),16,0, Paris Saint-Germain,France,Italy
12,13,1GK,Federico Marchetti,(1983-02-07)7 February 1983 (aged 33),11,0, Lazio,Italy,Italy
13,14,3MF,Stefano Sturaro,(1993-03-09)9 March 1993 (aged 23),1,0, Juventus,Italy,Italy
14,15,2DF,Andrea Barzagli,(1981-05-08)8 May 1981 (aged 35),56,0, Juventus,Italy,Italy
15,16,3MF,Daniele De Rossi,(1983-07-24)24 July 1983 (aged 32),103,18, Roma,Italy,Italy
16,17,4FW,Éder,(1986-11-15)15 November 1986 (aged 29),10,2, Internazionale,Italy,Italy
17,18,3MF,Marco Parolo,(1985-01-25)25 January 1985 (aged 31),20,0, Lazio,Italy,Italy
18,19,2DF,Leonardo Bonucci,(1987-05-01)1 May 1987 (aged 29),57,3, Juventus,Italy,Italy
19,20,4FW,Lorenzo Insigne,(1991-06-04)4 June 1991 (aged 25),9,2, Napoli,Italy,Italy
20,21,3MF,Federico Bernardeschi,(1994-02-16)16 February 1994 (aged 22),4,0, Fiorentina,Italy,Italy
21,22,4FW,Stephan El Shaarawy,(1992-10-27)27 October 1992 (aged 23),19,3, Roma,Italy,Italy
22,23,3MF,Emanuele Giaccherini,(1985-05-05)5 May 1985 (aged 31),25,3, Bologna,Italy,Italy
0,1,1GK,Keiren Westwood,(1984-10-23)23 October 1984 (aged 31),18,0, Sheffield Wednesday,England,Republic of Ireland
1,2,2DF,Séamus Coleman,(1988-10-11)11 October 1988 (aged 27),34,0, Everton,England,Republic of Ireland
2,3,2DF,Ciaran Clark,(1989-09-26)26 September 1989 (aged 26),17,2, Aston Villa,England,Republic of Ireland
3,4,2DF,John O'Shea,(1981-04-30)30 April 1981 (aged 35),111,3, Sunderland,England,Republic of Ireland
4,5,2DF,Richard Keogh,(1986-08-11)11 August 1986 (aged 29),12,1, Derby County,England,Republic of Ireland
5,6,3MF,Glenn Whelan,(1984-01-13)13 January 1984 (aged 32),71,2, Stoke City,England,Republic of Ireland
6,7,3MF,Aiden McGeady,(1986-04-04)4 April 1986 (aged 30),82,5, Everton,England,Republic of Ireland
7,8,3MF,James McCarthy,(1990-11-12)12 November 1990 (aged 25),35,0, Everton,England,Republic of Ireland
8,9,4FW,Shane Long,(1987-01-22)22 January 1987 (aged 29),63,16, Southampton,England,Republic of Ireland
9,10,4FW,Robbie Keane,(1980-07-08)8 July 1980 (aged 35),143,67, LA Galaxy,United States,Republic of Ireland
10,11,3MF,James McClean,(1989-04-22)22 April 1989 (aged 27),38,5, West Bromwich Albion,England,Republic of Ireland
11,12,2DF,Shane Duffy,(1992-01-01)1 January 1992 (aged 24),3,0, Blackburn Rovers,England,Republic of Ireland
12,13,3MF,Jeff Hendrick,(1992-01-31)31 January 1992 (aged 24),21,0, Derby County,England,Republic of Ireland
13,14,4FW,Jonathan Walters,(1983-09-20)20 September 1983 (aged 32),39,10, Stoke City,England,Republic of Ireland
14,15,2DF,Cyrus Christie,(1992-09-30)30 September 1992 (aged 23),5,1, Derby County,England,Republic of Ireland
15,16,1GK,Shay Given,(1976-04-20)20 April 1976 (aged 40),134,0, Stoke City,England,Republic of Ireland
16,17,2DF,Stephen Ward,(1985-08-20)20 August 1985 (aged 30),33,3, Burnley,England,Republic of Ireland
17,18,3MF,David Meyler,(1989-05-29)29 May 1989 (aged 27),16,0, Hull City,England,Republic of Ireland
18,19,3MF,Robbie Brady,(1992-01-14)14 January 1992 (aged 24),23,4, Norwich City,England,Republic of Ireland
19,20,3MF,Wes Hoolahan,(1982-05-20)20 May 1982 (aged 34),30,2, Norwich City,England,Republic of Ireland
20,21,4FW,Daryl Murphy,(1983-03-15)15 March 1983 (aged 33),21,0, Ipswich Town,England,Republic of Ireland
21,22,3MF,Stephen Quinn,(1986-04-04)4 April 1986 (aged 30),15,0, Reading,England,Republic of Ireland
22,23,1GK,Darren Randolph,(1987-05-12)12 May 1987 (aged 29),9,0, West Ham United,England,Republic of Ireland
0,1,1GK,Andreas Isaksson,(1981-10-03)3 October 1981 (aged 34),129,0, Kasımpaşa,Turkey,Sweden
1,2,2DF,Mikael Lustig,(1986-12-13)13 December 1986 (aged 29),51,2, Celtic,Scotland,Sweden
2,3,2DF,Erik Johansson,(1988-12-30)30 December 1988 (aged 27),8,0, Copenhagen,Denmark,Sweden
3,4,2DF,Andreas Granqvist,(1985-04-16)16 April 1985 (aged 31),51,3, Krasnodar,Russia,Sweden
4,5,2DF,Martin Olsson,(1988-05-17)17 May 1988 (aged 28),34,5, Norwich City,England,Sweden
5,6,3MF,Emil Forsberg,(1991-10-23)23 October 1991 (aged 24),16,1, RB Leipzig,Germany,Sweden
6,7,3MF,Sebastian Larsson,(1985-06-06)6 June 1985 (aged 31),83,6, Sunderland,England,Sweden
7,8,3MF,Albin Ekdal,(1989-07-28)28 July 1989 (aged 26),21,0, Hamburger SV,Germany,Sweden
8,9,3MF,Kim Källström,(1982-08-24)24 August 1982 (aged 33),127,16, Grasshopper,Switzerland,Sweden
9,10,4FW,Zlatan Ibrahimović,(1981-10-03)3 October 1981 (aged 34),112,62, Paris Saint-Germain,France,Sweden
10,11,4FW,Marcus Berg,(1986-08-17)17 August 1986 (aged 29),37,10, Panathinaikos,Greece,Sweden
11,12,1GK,Robin Olsen,(1990-01-08)8 January 1990 (aged 26),3,0, Copenhagen,Denmark,Sweden
12,13,2DF,Pontus Jansson,(1991-02-13)13 February 1991 (aged 25),8,0, Torino,Italy,Sweden
13,14,2DF,Victor Lindelöf,(1994-07-17)17 July 1994 (aged 21),3,0, Benfica,Portugal,Sweden
14,15,3MF,Oscar Hiljemark,(1992-06-28)28 June 1992 (aged 23),10,1, Palermo,Italy,Sweden
15,16,3MF,Pontus Wernbloom,(1986-06-25)25 June 1986 (aged 29),51,2, CSKA Moscow,Russia,Sweden
16,17,2DF,Ludwig Augustinsson,(1994-04-21)21 April 1994 (aged 22),3,0, Copenhagen,Denmark,Sweden
17,18,3MF,Oscar Lewicki,(1992-07-14)14 July 1992 (aged 23),9,0, Malmö FF,Sweden,Sweden
18,19,4FW,Emir Kujović,(1988-06-22)22 June 1988 (aged 27),3,1, IFK Norrköping,Sweden,Sweden
19,20,4FW,John Guidetti,(1992-04-15)15 April 1992 (aged 24),8,0, Celta Vigo,Spain,Sweden
20,21,3MF,Jimmy Durmaz,(1989-03-22)22 March 1989 (aged 27),31,2, Olympiacos,Greece,Sweden
21,22,3MF,Erkan Zengin,(1985-08-05)5 August 1985 (aged 30),20,3, Trabzonspor,Turkey,Sweden
22,23,1GK,Patrik Carlgren,(1992-01-08)8 January 1992 (aged 24),1,0, AIK,Sweden,Sweden
0,1,1GK,Rui Patrício,(1988-02-15) 15 February 1988 (age 28),43,0, Sporting CP,Portugal,Portugal
1,2,2DF,Bruno Alves,(1981-11-27) 27 November 1981 (age 34),84,10, Fenerbahçe,Turkey,Portugal
2,3,2DF,Pepe,(1983-02-26) 26 February 1983 (age 33),70,3, Real Madrid,Spain,Portugal
3,4,2DF,José Fonte,(1983-12-22) 22 December 1983 (age 32),10,0, Southampton,England,Portugal
4,5,2DF,Raphaël Guerreiro,(1993-12-22) 22 December 1993 (age 22),6,2, Lorient,France,Portugal
5,6,2DF,Ricardo Carvalho,(1978-05-18) 18 May 1978 (age 38),84,5, Monaco,France,Portugal
6,7,4FW,Cristiano Ronaldo,(1985-02-05) 5 February 1985 (age 31),125,56, Real Madrid,Spain,Portugal
7,8,3MF,João Moutinho,(1986-09-08) 8 September 1986 (age 29),82,4, Monaco,France,Portugal
8,9,4FW,Éder,(1987-12-22) 22 December 1987 (age 28),24,2, Lille,France,Portugal
9,10,3MF,João Mário,(1993-01-19) 19 January 1993 (age 23),9,0, Sporting CP,Portugal,Portugal
10,11,3MF,Vieirinha,(1986-01-24) 24 January 1986 (age 30),20,1, VfL Wolfsburg,Germany,Portugal
11,12,1GK,Anthony Lopes,(1990-10-01) 1 October 1990 (age 25),4,0, Lyon,France,Portugal
12,13,3MF,Danilo,(1991-09-09) 9 September 1991 (age 24),10,0, Porto,Portugal,Portugal
13,14,3MF,William Carvalho,(1992-04-07) 7 April 1992 (age 24),18,0, Sporting CP,Portugal,Portugal
14,15,3MF,André Gomes,(1993-07-30) 30 July 1993 (age 22),6,0, Valencia,Spain,Portugal
15,16,3MF,Renato Sanches,(1997-08-18) 18 August 1997 (age 18),3,0, Benfica,Portugal,Portugal
16,17,4FW,Nani,(1986-11-17) 17 November 1986 (age 29),94,18, Fenerbahçe,Turkey,Portugal
17,18,3MF,Rafa Silva,(1993-05-17) 17 May 1993 (age 23),7,0, Braga,Portugal,Portugal
18,19,2DF,Eliseu,(1983-10-01) 1 October 1983 (age 32),15,1, Benfica,Portugal,Portugal
19,20,4FW,Ricardo Quaresma,(1983-09-26) 26 September 1983 (age 32),48,5, Beşiktaş,Turkey,Portugal
20,21,2DF,Cédric Soares,(1991-08-31) 31 August 1991 (age 24),10,0, Southampton,England,Portugal
21,22,1GK,Eduardo,(1982-09-19) 19 September 1982 (age 33),35,0, Dinamo Zagreb,Croatia,Portugal
22,23,3MF,Adrien Silva,(1989-03-15) 15 March 1989 (age 27),8,0, Sporting CP,Portugal,Portugal
0,1,1GK,Hannes Þór Halldórsson,(1984-04-28) 28 April 1984 (age 32),32,0, Bodø/Glimt,Norway,Iceland
1,2,2DF,Birkir Már Sævarsson,(1984-11-11) 11 November 1984 (age 31),56,0, Hammarby IF,Sweden,Iceland
2,3,2DF,Haukur Heiðar Hauksson,(1991-09-01) 1 September 1991 (age 24),6,0, AIK,Sweden,Iceland
3,4,2DF,Hjörtur Hermannsson,(1995-02-08) 8 February 1995 (age 21),2,0, IFK Göteborg,Sweden,Iceland
4,5,2DF,Sverrir Ingi Ingason,(1993-08-05) 5 August 1993 (age 22),4,1, Lokeren,Belgium,Iceland
5,6,2DF,Ragnar Sigurðsson,(1986-06-19) 19 June 1986 (age 29),54,1, Krasnodar,Russia,Iceland
6,7,4FW,Jóhann Berg Guðmundsson,(1990-10-27) 27 October 1990 (age 25),45,5, Charlton Athletic,England,Iceland
7,8,3MF,Birkir Bjarnason,(1988-05-27) 27 May 1988 (age 28),46,6, Basel,Switzerland,Iceland
8,9,4FW,Kolbeinn Sigþórsson,(1990-03-14) 14 March 1990 (age 26),37,19, Nantes,France,Iceland
9,10,3MF,Gylfi Sigurðsson,(1989-09-08) 8 September 1989 (age 26),37,12, Swansea City,Wales,Iceland
10,11,4FW,Alfreð Finnbogason,(1989-02-01) 1 February 1989 (age 27),32,7, FC Augsburg,Germany,Iceland
11,12,1GK,Ögmundur Kristinsson,(1989-06-19) 19 June 1989 (age 26),10,0, Hammarby IF,Sweden,Iceland
12,13,1GK,Ingvar Jónsson,(1989-10-18) 18 October 1989 (age 26),4,0, Sandefjord,Norway,Iceland
13,14,3MF,Kári Árnason,(1982-10-13) 13 October 1982 (age 33),47,2, Malmö FF,Sweden,Iceland
14,15,4FW,Jón Daði Böðvarsson,(1992-05-25) 25 May 1992 (age 24),20,1, 1. FC Kaiserslautern,Germany,Iceland
15,16,3MF,Rúnar Már Sigurjónsson,(1990-06-18) 18 June 1990 (age 25),9,1, GIF Sundsvall,Sweden,Iceland
16,17,3MF,Aron Gunnarsson,(1989-04-22) 22 April 1989 (age 27),57,2, Cardiff City,Wales,Iceland
17,18,2DF,Theódór Elmar Bjarnason,(1987-03-04) 4 March 1987 (age 29),25,0, AGF,Denmark,Iceland
18,19,2DF,Hörður Björgvin Magnússon,(1993-02-11) 11 February 1993 (age 23),3,0, Cesena,Italy,Iceland
19,20,3MF,Emil Hallfreðsson,(1984-06-29) 29 June 1984 (age 31),52,1, Udinese,Italy,Iceland
20,21,2DF,Arnór Ingvi Traustason,(1993-04-30) 30 April 1993 (age 23),6,3, IFK Norrköping,Sweden,Iceland
21,22,4FW,Eiður Guðjohnsen,(1978-09-15) 15 September 1978 (age 37),84,25, Molde FK,Norway,Iceland
22,23,2DF,Ari Freyr Skúlason,(1987-05-14) 14 May 1987 (age 29),37,0, OB,Denmark,Iceland
0,1,1GK,Robert Almer,(1984-03-20)20 March 1984 (aged 32),28,0, Austria Wien,Austria,Austria
1,2,3MF,György Garics,(1984-03-08)8 March 1984 (aged 32),41,2, Darmstadt 98,Germany,Austria
2,3,2DF,Aleksandar Dragović,(1991-03-06)6 March 1991 (aged 25),47,1, Dynamo Kyiv,Ukraine,Austria
3,4,2DF,Martin Hinteregger,(1992-09-07)7 September 1992 (aged 23),14,0, Borussia Mönchengladbach,Germany,Austria
4,5,2DF,Christian Fuchs,(1986-04-07)7 April 1986 (aged 30),75,1, Leicester City,England,Austria
5,6,3MF,Stefan Ilsanker,(1989-05-18)18 May 1989 (aged 27),16,0, RB Leipzig,Germany,Austria
6,7,4FW,Marko Arnautović,(1989-04-19)19 April 1989 (aged 27),52,11, Stoke City,England,Austria
7,8,3MF,David Alaba,(1992-06-24)24 June 1992 (aged 23),46,11, Bayern Munich,Germany,Austria
8,9,4FW,Rubin Okotie,(1987-06-06)6 June 1987 (aged 29),17,2, 1860 München,Germany,Austria
9,10,3MF,Zlatko Junuzović,(1987-09-26)26 September 1987 (aged 28),48,7, Werder Bremen,Germany,Austria
10,11,3MF,Martin Harnik,(1987-06-10)10 June 1987 (aged 29),58,14, VfB Stuttgart,Germany,Austria
11,12,1GK,Heinz Lindner,(1990-07-17)17 July 1990 (aged 25),8,0, Eintracht Frankfurt,Germany,Austria
12,13,2DF,Markus Suttner,(1987-04-16)16 April 1987 (aged 29),16,0, Ingolstadt 04,Germany,Austria
13,14,3MF,Julian Baumgartlinger,(1988-01-02)2 January 1988 (aged 28),45,1, Mainz 05,Germany,Austria
14,15,2DF,Sebastian Prödl,(1987-06-21)21 June 1987 (aged 28),57,4, Watford,England,Austria
15,16,2DF,Kevin Wimmer,(1992-11-15)15 November 1992 (aged 23),3,0, Tottenham Hotspur,England,Austria
16,17,2DF,Florian Klein,(1986-11-17)17 November 1986 (aged 29),37,0, VfB Stuttgart,Germany,Austria
17,18,3MF,Alessandro Schöpf,(1994-02-07)7 February 1994 (aged 22),4,1, Schalke 04,Germany,Austria
18,19,4FW,Lukas Hinterseer,(1991-03-28)28 March 1991 (aged 25),10,0, Ingolstadt 04,Germany,Austria
19,20,3MF,Marcel Sabitzer,(1994-03-17)17 March 1994 (aged 22),18,3, RB Leipzig,Germany,Austria
20,21,4FW,Marc Janko,(1983-06-25)25 June 1983 (aged 32),54,26, Basel,Switzerland,Austria
21,22,3MF,Jakob Jantscher,(1989-01-08)8 January 1989 (aged 27),22,1, Luzern,Switzerland,Austria
22,23,1GK,Ramazan Özcan,(1984-06-28)28 June 1984 (aged 31),7,0, Ingolstadt 04,Germany,Austria
0,1,1GK,Gábor Király,(1976-04-01)1 April 1976 (aged 40),103,0, Haladás,Hungary,Hungary
1,2,2DF,Ádám Lang,(1993-01-17)17 January 1993 (aged 23),11,0, Videoton,Hungary,Hungary
2,3,2DF,Mihály Korhut,(1988-12-01)1 December 1988 (aged 27),4,0, Debrecen,Hungary,Hungary
3,4,2DF,Tamás Kádár,(1990-03-14)14 March 1990 (aged 26),30,0, Lech Poznań,Poland,Hungary
4,5,2DF,Attila Fiola,(1990-02-17)17 February 1990 (aged 26),15,0, Puskás Akadémia,Hungary,Hungary
5,6,3MF,Ákos Elek,(1988-07-21)21 July 1988 (aged 27),38,1, Diósgyőri VTK,Hungary,Hungary
6,7,4FW,Balázs Dzsudzsák,(1986-12-23)23 December 1986 (aged 29),78,18, Bursaspor,Turkey,Hungary
7,8,3MF,Ádám Nagy,(1995-06-17)17 June 1995 (aged 20),8,0, Ferencváros,Hungary,Hungary
8,9,4FW,Ádám Szalai,(1987-12-09)9 December 1987 (aged 28),32,8, Hannover 96,Germany,Hungary
9,10,4FW,Zoltán Gera,(1979-04-22)22 April 1979 (aged 37),89,24, Ferencváros,Hungary,Hungary
10,11,4FW,Krisztián Németh,(1989-01-05)5 January 1989 (aged 27),24,3, Al-Gharafa,Qatar,Hungary
11,12,1GK,Dénes Dibusz,(1990-11-16)16 November 1990 (aged 25),4,0, Ferencváros,Hungary,Hungary
12,13,4FW,Dániel Böde,(1986-10-24)24 October 1986 (aged 29),12,4, Ferencváros,Hungary,Hungary
13,14,3MF,Gergő Lovrencsics,(1988-09-01)1 September 1988 (aged 27),12,1, Lech Poznań,Poland,Hungary
14,15,3MF,László Kleinheisler,(1994-04-08)8 April 1994 (aged 22),5,1, Werder Bremen,Germany,Hungary
15,16,2DF,Ádám Pintér,(1988-06-12)12 June 1988 (aged 27),21,0, Ferencváros,Hungary,Hungary
16,17,4FW,Nemanja Nikolić,(1987-12-31)31 December 1987 (aged 28),18,3, Legia Warsaw,Poland,Hungary
17,18,3MF,Zoltán Stieber,(1988-10-16)16 October 1988 (aged 27),12,2, 1. FC Nürnberg,Germany,Hungary
18,19,4FW,Tamás Priskin,(1986-09-27)27 September 1986 (aged 29),56,17, Slovan Bratislava,Slovakia,Hungary
19,20,2DF,Richárd Guzmics,(1987-04-16)16 April 1987 (aged 29),14,1, Wisła Kraków,Poland,Hungary
20,21,2DF,Barnabás Bese,(1994-05-06)6 May 1994 (aged 22),1,0, MTK Budapest,Hungary,Hungary
21,22,1GK,Péter Gulácsi,(1990-05-06)6 May 1990 (aged 26),3,0, RB Leipzig,Germany,Hungary
22,23,2DF,Roland Juhász,(1983-07-01)1 July 1983 (aged 32),91,6, Videoton,Hungary,Hungary
